{"cameraMode":{"drawMode":0,"name":"Shaded","section":"Shading Mode"},"sceneLighting":true,"audioPlay":false,"sceneViewState":{"showFog":true,"showMaterialUpdate":true,"showSkybox":true,"showFlares":true,"showImageEffects":true,"showParticleSystems":true},"in2DMode":false,"pivot":{"x":8.851974487304688,"y":-493.202880859375,"z":167.70626831054688},"rotation":{"x":-0.579355776309967,"y":-0.02639937587082386,"z":0.01877947337925434,"w":-0.8144333362579346},"size":590.2278442382813,"orthographic":false}