{"cameraMode":{"drawMode":0,"name":"Shaded","section":"Shading Mode"},"sceneLighting":true,"audioPlay":false,"sceneViewState":{"showFog":true,"showMaterialUpdate":false,"showSkybox":true,"showFlares":true,"showImageEffects":true,"showParticleSystems":true},"in2DMode":false,"pivot":{"x":-2.6066014766693117,"y":-4.398547172546387,"z":78.61328125},"rotation":{"x":0.3947317600250244,"y":-0.02204808034002781,"z":0.00947511661797762,"w":0.9184861779212952},"size":15.846247673034668,"orthographic":false}