{"cameraMode":{"drawMode":0,"name":"Shaded","section":"Shading Mode"},"sceneLighting":false,"audioPlay":false,"sceneViewState":{"showFog":true,"showMaterialUpdate":false,"showSkybox":false,"showFlares":true,"showImageEffects":true,"showParticleSystems":true},"in2DMode":false,"pivot":{"x":-2.083343982696533,"y":-4.815006256103516,"z":78.1692886352539},"rotation":{"x":0.30353280901908877,"y":-0.0014292363775894046,"z":0.0004552861209958792,"w":0.9528211355209351},"size":22.0,"orthographic":false}