{"cameraMode":{"drawMode":0,"name":"Shaded","section":"Shading Mode"},"sceneLighting":true,"audioPlay":false,"sceneViewState":{"showFog":true,"showMaterialUpdate":true,"showSkybox":true,"showFlares":true,"showImageEffects":true,"showParticleSystems":true},"in2DMode":false,"pivot":{"x":-15.196627616882325,"y":-348.1634521484375,"z":236.86056518554688},"rotation":{"x":0.4363056421279907,"y":-0.006481663789600134,"z":0.0031431270763278009,"w":0.8997740149497986},"size":878.7877807617188,"orthographic":false}