{"cameraMode":{"drawMode":0,"name":"Shaded","section":"Shading Mode"},"sceneLighting":false,"audioPlay":false,"sceneViewState":{"showFog":true,"showMaterialUpdate":true,"showSkybox":false,"showFlares":true,"showImageEffects":true,"showParticleSystems":true},"in2DMode":false,"pivot":{"x":-2.083343982696533,"y":-4.815006256103516,"z":78.1692886352539},"rotation":{"x":0.029994942247867585,"y":-0.008996203541755677,"z":0.00026945589343085885,"w":0.9995142221450806},"size":156.62623596191407,"orthographic":false}