{"cameraMode":{"drawMode":0,"name":"Shaded","section":"Shading Mode"},"sceneLighting":true,"audioPlay":false,"sceneViewState":{"showFog":true,"showMaterialUpdate":true,"showSkybox":true,"showFlares":true,"showImageEffects":true,"showParticleSystems":true},"in2DMode":false,"pivot":{"x":-238.551025390625,"y":-77.85590362548828,"z":-1930.158203125},"rotation":{"x":-0.061364881694316867,"y":-0.8593868017196655,"z":-0.10624127835035324,"w":0.49639347195625307},"size":511.1235046386719,"orthographic":false}