{"cameraMode":{"drawMode":0,"name":"Shaded","section":"Shading Mode"},"sceneLighting":true,"audioPlay":false,"sceneViewState":{"showFog":true,"showMaterialUpdate":true,"showSkybox":true,"showFlares":true,"showImageEffects":true,"showParticleSystems":true},"in2DMode":false,"pivot":{"x":471.4633483886719,"y":-61.76116943359375,"z":-1026.934814453125},"rotation":{"x":0.1612822562456131,"y":-0.011843523010611534,"z":0.0019328518537804485,"w":0.9868403077125549},"size":1071.283935546875,"orthographic":false}