{"cameraMode":{"drawMode":0,"name":"Shaded","section":"Shading Mode"},"sceneLighting":true,"audioPlay":false,"sceneViewState":{"showFog":true,"showMaterialUpdate":true,"showSkybox":true,"showFlares":true,"showImageEffects":true,"showParticleSystems":true},"in2DMode":false,"pivot":{"x":471.4627685546875,"y":-61.76220703125,"z":-1026.93505859375},"rotation":{"x":0.1612822562456131,"y":-0.011843523010611534,"z":0.0019328518537804485,"w":0.9868403077125549},"size":2148.563232421875,"orthographic":false}