{"cameraMode":{"drawMode":0,"name":"Shaded","section":"Shading Mode"},"sceneLighting":true,"audioPlay":false,"sceneViewState":{"showFog":true,"showMaterialUpdate":true,"showSkybox":true,"showFlares":true,"showImageEffects":true,"showParticleSystems":true},"in2DMode":false,"pivot":{"x":25.43722915649414,"y":-490.116943359375,"z":160.18408203125},"rotation":{"x":-0.5561468005180359,"y":-0.05674489587545395,"z":0.03810155391693115,"w":-0.8282721638679504},"size":658.420654296875,"orthographic":false}