{"cameraMode":{"drawMode":0,"name":"Shaded","section":"Shading Mode"},"sceneLighting":false,"audioPlay":false,"sceneViewState":{"showFog":true,"showMaterialUpdate":false,"showSkybox":false,"showFlares":true,"showImageEffects":true,"showParticleSystems":true},"in2DMode":false,"pivot":{"x":1.541595697402954,"y":-0.1986493170261383,"z":-0.556468665599823},"rotation":{"x":0.0398421436548233,"y":0.8508664965629578,"z":-0.06521856784820557,"w":0.5197972059249878},"size":14.716529846191407,"orthographic":false}