{"cameraMode":{"drawMode":0,"name":"Shaded","section":"Shading Mode"},"sceneLighting":true,"audioPlay":false,"sceneViewState":{"showFog":true,"showMaterialUpdate":false,"showSkybox":true,"showFlares":true,"showImageEffects":true,"showParticleSystems":true},"in2DMode":false,"pivot":{"x":6.068406581878662,"y":2.2300000190734865,"z":-121.35098266601563},"rotation":{"x":0.09881321340799332,"y":0.7758311033248901,"z":-0.12559953331947328,"w":0.6103689670562744},"size":279.18072509765627,"orthographic":true}