{"cameraMode":{"drawMode":0,"name":"Shaded","section":"Shading Mode"},"sceneLighting":true,"audioPlay":false,"sceneViewState":{"showFog":true,"showMaterialUpdate":false,"showSkybox":true,"showFlares":true,"showImageEffects":true,"showParticleSystems":true},"in2DMode":false,"pivot":{"x":-8.97142505645752,"y":30.91168212890625,"z":-62.423583984375},"rotation":{"x":-0.24121692776679994,"y":-0.003234506817534566,"z":0.0006730624591000378,"w":-0.9705106616020203},"size":333.7626953125,"orthographic":false}