{"cameraMode":{"drawMode":0,"name":"Shaded","section":"Shading Mode"},"sceneLighting":true,"audioPlay":false,"sceneViewState":{"showFog":true,"showMaterialUpdate":false,"showSkybox":true,"showFlares":true,"showImageEffects":true,"showParticleSystems":true},"in2DMode":false,"pivot":{"x":-117.64317321777344,"y":9.269098281860352,"z":-141.56204223632813},"rotation":{"x":0.08325761556625366,"y":-0.03288210928440094,"z":0.002747600432485342,"w":0.9960002303123474},"size":1.028872013092041,"orthographic":false}