{"cameraMode":{"drawMode":0,"name":"Shaded","section":"Shading Mode"},"sceneLighting":true,"audioPlay":false,"sceneViewState":{"showFog":true,"showMaterialUpdate":false,"showSkybox":false,"showFlares":true,"showImageEffects":true,"showParticleSystems":true},"in2DMode":false,"pivot":{"x":-10.061012268066407,"y":1.6649532318115235,"z":-8.860221862792969},"rotation":{"x":0.05801493674516678,"y":0.934685468673706,"z":-0.18024323880672456,"w":0.30084651708602908},"size":81.3896484375,"orthographic":false}