{"cameraMode":{"drawMode":0,"name":"Shaded","section":"Shading Mode"},"sceneLighting":false,"audioPlay":false,"sceneViewState":{"showFog":true,"showMaterialUpdate":false,"showSkybox":false,"showFlares":true,"showImageEffects":true,"showParticleSystems":true},"in2DMode":false,"pivot":{"x":460.066650390625,"y":265.4565734863281,"z":-2.75555419921875},"rotation":{"x":0.2549811601638794,"y":0.08688033372163773,"z":-0.02302190661430359,"w":0.9627715945243836},"size":21.368005752563478,"orthographic":false}