{"cameraMode":{"drawMode":0,"name":"Shaded","section":"Shading Mode"},"sceneLighting":true,"audioPlay":false,"sceneViewState":{"showFog":true,"showMaterialUpdate":false,"showSkybox":true,"showFlares":true,"showImageEffects":true,"showParticleSystems":true},"in2DMode":false,"pivot":{"x":-7.310371398925781,"y":-45.821372985839847,"z":-14.251541137695313},"rotation":{"x":-0.15978732705116273,"y":-0.3791016638278961,"z":0.06663171201944351,"w":-0.909031331539154},"size":225.42352294921876,"orthographic":false}