{"cameraMode":{"drawMode":0,"name":"Shaded","section":"Shading Mode"},"sceneLighting":false,"audioPlay":false,"sceneViewState":{"showFog":true,"showMaterialUpdate":false,"showSkybox":false,"showFlares":true,"showImageEffects":true,"showParticleSystems":true},"in2DMode":false,"pivot":{"x":-2.083343982696533,"y":-4.815006256103516,"z":78.1692886352539},"rotation":{"x":-0.19962790608406068,"y":0.016447506844997407,"z":-0.0033778271172195675,"w":-0.9797666072845459},"size":22.0,"orthographic":false}