{"cameraMode":{"drawMode":0,"name":"Shaded","section":"Shading Mode"},"sceneLighting":false,"audioPlay":false,"sceneViewState":{"showFog":true,"showMaterialUpdate":false,"showSkybox":false,"showFlares":true,"showImageEffects":true,"showParticleSystems":true},"in2DMode":false,"pivot":{"x":1.4910035133361817,"y":12.028770446777344,"z":5.061271667480469},"rotation":{"x":0.25493836402893069,"y":0.03914894536137581,"z":-0.01033064629882574,"w":0.9661099314689636},"size":56.012237548828128,"orthographic":false}