{"cameraMode":{"drawMode":0,"name":"Shaded","section":"Shading Mode"},"sceneLighting":true,"audioPlay":false,"sceneViewState":{"showFog":true,"showMaterialUpdate":false,"showSkybox":true,"showFlares":true,"showImageEffects":true,"showParticleSystems":true},"in2DMode":false,"pivot":{"x":174.54843139648438,"y":130.58816528320313,"z":-261.0390930175781},"rotation":{"x":0.12263959646224976,"y":-0.02857685089111328,"z":0.003550502937287092,"w":0.9920560121536255},"size":10.479448318481446,"orthographic":false}