{"cameraMode":{"drawMode":0,"name":"Shaded","section":"Shading Mode"},"sceneLighting":true,"audioPlay":false,"sceneViewState":{"showFog":true,"showMaterialUpdate":false,"showSkybox":true,"showFlares":true,"showImageEffects":true,"showParticleSystems":true},"in2DMode":false,"pivot":{"x":562.163330078125,"y":48.942291259765628,"z":1696.3685302734375},"rotation":{"x":-0.1724008321762085,"y":-0.10704071074724198,"z":0.01884947344660759,"w":-0.9790120124816895},"size":1039.625732421875,"orthographic":false}