{"cameraMode":{"drawMode":0,"name":"Shaded","section":"Shading Mode"},"sceneLighting":true,"audioPlay":false,"sceneViewState":{"showFog":true,"showMaterialUpdate":false,"showSkybox":true,"showFlares":true,"showImageEffects":true,"showParticleSystems":true},"in2DMode":false,"pivot":{"x":544.2813110351563,"y":-66.93914794921875,"z":1410.2305908203125},"rotation":{"x":0.3538571000099182,"y":-0.023557569831609727,"z":0.00891632866114378,"w":0.9349681735038757},"size":394.0062255859375,"orthographic":false}