{"cameraMode":{"drawMode":0,"name":"Shaded","section":"Shading Mode"},"sceneLighting":false,"audioPlay":false,"sceneViewState":{"showFog":true,"showMaterialUpdate":false,"showSkybox":false,"showFlares":true,"showImageEffects":true,"showParticleSystems":true},"in2DMode":false,"pivot":{"x":-550.9140625,"y":6903.22802734375,"z":-6132.36181640625},"rotation":{"x":0.3432598412036896,"y":0.008453607559204102,"z":-0.0030902728904038669,"w":0.9392021894454956},"size":8.458771705627442,"orthographic":false}