{"cameraMode":{"drawMode":0,"name":"Shaded","section":"Shading Mode"},"sceneLighting":true,"audioPlay":false,"sceneViewState":{"showFog":true,"showMaterialUpdate":false,"showSkybox":true,"showFlares":true,"showImageEffects":true,"showParticleSystems":true},"in2DMode":false,"pivot":{"x":-119.89006042480469,"y":-90.21281433105469,"z":-18.855682373046876},"rotation":{"x":0.2909066379070282,"y":0.044469960033893588,"z":-0.013539040461182595,"w":0.9556342959403992},"size":211.32907104492188,"orthographic":false}