{"cameraMode":{"drawMode":0,"name":"Shaded","section":"Shading Mode"},"sceneLighting":true,"audioPlay":false,"sceneViewState":{"showFog":true,"showMaterialUpdate":false,"showSkybox":true,"showFlares":true,"showImageEffects":true,"showParticleSystems":true},"in2DMode":false,"pivot":{"x":449.360107421875,"y":237.3375244140625,"z":328.930419921875},"rotation":{"x":-0.08539488166570664,"y":0.00238329591229558,"z":-0.0002115036768373102,"w":-0.9963610172271729},"size":882.0623779296875,"orthographic":false}