{"cameraMode":{"drawMode":0,"name":"Shaded","section":"Shading Mode"},"sceneLighting":true,"audioPlay":false,"sceneViewState":{"showFog":true,"showMaterialUpdate":false,"showSkybox":true,"showFlares":true,"showImageEffects":true,"showParticleSystems":true},"in2DMode":false,"pivot":{"x":-35.64092254638672,"y":-26.51922607421875,"z":-9.776065826416016},"rotation":{"x":-0.41272300481796267,"y":-0.5760977864265442,"z":0.4187188446521759,"w":-0.5678520202636719},"size":407.3633117675781,"orthographic":false}