{"cameraMode":{"drawMode":0,"name":"Shaded","section":"Shading Mode"},"sceneLighting":true,"audioPlay":false,"sceneViewState":{"showFog":true,"showMaterialUpdate":false,"showSkybox":true,"showFlares":true,"showImageEffects":true,"showParticleSystems":true},"in2DMode":false,"pivot":{"x":-19.458480834960939,"y":-49.226837158203128,"z":-14.60992431640625},"rotation":{"x":-0.5040858387947083,"y":0.00437232106924057,"z":-0.0026260162703692915,"w":-0.863681972026825},"size":526.6444091796875,"orthographic":false}