{"cameraMode":{"drawMode":0,"name":"Shaded","section":"Shading Mode"},"sceneLighting":true,"audioPlay":false,"sceneViewState":{"showFog":true,"showMaterialUpdate":false,"showSkybox":true,"showFlares":true,"showImageEffects":true,"showParticleSystems":true},"in2DMode":false,"pivot":{"x":-17.58154296875,"y":28.391830444335939,"z":-24.839599609375},"rotation":{"x":0.18442560732364655,"y":0.18742503225803376,"z":-0.03585066273808479,"w":0.9641479253768921},"size":18.31454086303711,"orthographic":false}