{"cameraMode":{"drawMode":0,"name":"Shaded","section":"Shading Mode"},"sceneLighting":false,"audioPlay":false,"sceneViewState":{"showFog":true,"showMaterialUpdate":false,"showSkybox":false,"showFlares":true,"showImageEffects":true,"showParticleSystems":true},"in2DMode":false,"pivot":{"x":1.7229628562927247,"y":8.310104370117188,"z":8.588504791259766},"rotation":{"x":0.020108358934521676,"y":-0.9638964533805847,"z":0.25435420870780947,"w":0.0762079656124115},"size":4.023716926574707,"orthographic":false}