{"cameraMode":{"drawMode":0,"name":"Shaded","section":"Shading Mode"},"sceneLighting":true,"audioPlay":false,"sceneViewState":{"showFog":true,"showMaterialUpdate":false,"showSkybox":true,"showFlares":true,"showImageEffects":true,"showParticleSystems":true},"in2DMode":false,"pivot":{"x":33.60456848144531,"y":-27.793243408203126,"z":-14.955610275268555},"rotation":{"x":0.2742469906806946,"y":0.6321327090263367,"z":-0.2556455433368683,"w":0.6781272888183594},"size":221.48397827148438,"orthographic":false}