{"cameraMode":{"drawMode":0,"name":"Shaded","section":"Shading Mode"},"sceneLighting":true,"audioPlay":false,"sceneViewState":{"showFog":true,"showMaterialUpdate":false,"showSkybox":true,"showFlares":true,"showImageEffects":true,"showParticleSystems":true},"in2DMode":false,"pivot":{"x":-0.5205459594726563,"y":6.597339630126953,"z":-118.28125762939453},"rotation":{"x":0.2679827809333801,"y":0.03698353469371796,"z":-0.010295188054442406,"w":0.9626725912094116},"size":31.223852157592775,"orthographic":false}