{"cameraMode":{"drawMode":0,"name":"Shaded","section":"Shading Mode"},"sceneLighting":false,"audioPlay":false,"sceneViewState":{"showFog":true,"showMaterialUpdate":false,"showSkybox":false,"showFlares":true,"showImageEffects":true,"showParticleSystems":true},"in2DMode":false,"pivot":{"x":-0.02572578191757202,"y":1.007394790649414,"z":0.09803235530853272},"rotation":{"x":0.05296461284160614,"y":-0.9394123554229736,"z":0.29306480288505556,"w":0.1697768121957779},"size":48.37112045288086,"orthographic":false}