{"cameraMode":{"drawMode":0,"name":"Shaded","section":"Shading Mode"},"sceneLighting":false,"audioPlay":false,"sceneViewState":{"showFog":true,"showMaterialUpdate":false,"showSkybox":false,"showFlares":true,"showImageEffects":true,"showParticleSystems":true},"in2DMode":false,"pivot":{"x":-0.5946676731109619,"y":4.227938652038574,"z":6.405517578125},"rotation":{"x":0.465064138174057,"y":-0.023896412923932077,"z":0.012559761293232441,"w":0.8848666548728943},"size":55.46076583862305,"orthographic":false}