{"cameraMode":{"drawMode":0,"name":"Shaded","section":"Shading Mode"},"sceneLighting":true,"audioPlay":false,"sceneViewState":{"showFog":true,"showMaterialUpdate":false,"showSkybox":true,"showFlares":true,"showImageEffects":true,"showParticleSystems":true},"in2DMode":false,"pivot":{"x":405.6498107910156,"y":256.55078125,"z":-113.7930908203125},"rotation":{"x":0.10928095132112503,"y":0.0029819547198712827,"z":-0.0003282044781371951,"w":0.9940081238746643},"size":352.4291687011719,"orthographic":false}