{"cameraMode":{"drawMode":0,"name":"Shaded","section":"Shading Mode"},"sceneLighting":true,"audioPlay":false,"sceneViewState":{"showFog":true,"showMaterialUpdate":false,"showSkybox":true,"showFlares":true,"showImageEffects":true,"showParticleSystems":true},"in2DMode":false,"pivot":{"x":25.545223236083986,"y":77.6102066040039,"z":-194.6922607421875},"rotation":{"x":-0.24628283083438874,"y":0.5541154742240906,"z":-0.17596091330051423,"w":-0.775494396686554},"size":29.852392196655275,"orthographic":false}