{"cameraMode":{"drawMode":0,"name":"Shaded","section":"Shading Mode"},"sceneLighting":true,"audioPlay":false,"sceneViewState":{"showFog":true,"showMaterialUpdate":false,"showSkybox":true,"showFlares":true,"showImageEffects":true,"showParticleSystems":true},"in2DMode":false,"pivot":{"x":-9.908514976501465,"y":-172.98875427246095,"z":-133.28050231933595},"rotation":{"x":0.017911581322550775,"y":-0.8893387913703919,"z":0.45556285977363589,"w":0.03496600314974785},"size":673.627197265625,"orthographic":false}