{"cameraMode":{"drawMode":0,"name":"Shaded","section":"Shading Mode"},"sceneLighting":true,"audioPlay":false,"sceneViewState":{"showFog":true,"showMaterialUpdate":false,"showSkybox":true,"showFlares":true,"showImageEffects":true,"showParticleSystems":true},"in2DMode":false,"pivot":{"x":417.2328186035156,"y":297.39385986328127,"z":229.2838134765625},"rotation":{"x":0.04529280588030815,"y":0.009299800731241703,"z":-0.00041477958438917994,"w":0.9989500641822815},"size":722.9148559570313,"orthographic":false}