{"cameraMode":{"drawMode":0,"name":"Shaded","section":"Shading Mode"},"sceneLighting":true,"audioPlay":false,"sceneViewState":{"showFog":true,"showMaterialUpdate":false,"showSkybox":true,"showFlares":true,"showImageEffects":true,"showParticleSystems":true},"in2DMode":false,"pivot":{"x":2.056337356567383,"y":293.50885009765627,"z":-276.1241149902344},"rotation":{"x":0.4505530893802643,"y":0.00803217850625515,"z":-0.00405491515994072,"w":0.8927202820777893},"size":4.619096755981445,"orthographic":false}