{"cameraMode":{"drawMode":0,"name":"Shaded","section":"Shading Mode"},"sceneLighting":false,"audioPlay":false,"sceneViewState":{"showFog":true,"showMaterialUpdate":false,"showSkybox":false,"showFlares":true,"showImageEffects":true,"showParticleSystems":true},"in2DMode":false,"pivot":{"x":0.2192368507385254,"y":14.145943641662598,"z":18.681211471557618},"rotation":{"x":0.2482941746711731,"y":-0.11043708026409149,"z":0.028493111953139306,"w":0.9619562029838562},"size":22.50556182861328,"orthographic":false}