{"cameraMode":{"drawMode":0,"name":"Shaded","section":"Shading Mode"},"sceneLighting":false,"audioPlay":false,"sceneViewState":{"showFog":true,"showMaterialUpdate":false,"showSkybox":false,"showFlares":true,"showImageEffects":true,"showParticleSystems":true},"in2DMode":false,"pivot":{"x":-3.541810989379883,"y":3.7903976440429689,"z":0.94189453125},"rotation":{"x":0.15833035111427308,"y":-0.0035567611921578647,"z":0.0005695958971045911,"w":0.9873812794685364},"size":98.38971710205078,"orthographic":false}