{"cameraMode":{"drawMode":0,"name":"Shaded","section":"Shading Mode"},"sceneLighting":true,"audioPlay":false,"sceneViewState":{"showFog":true,"showMaterialUpdate":false,"showSkybox":true,"showFlares":true,"showImageEffects":true,"showParticleSystems":true},"in2DMode":false,"pivot":{"x":-34.68207550048828,"y":-37.788490295410159,"z":105.16375732421875},"rotation":{"x":0.12468639016151428,"y":0.12438741326332092,"z":-0.015701238065958024,"w":0.9842960238456726},"size":385.5220947265625,"orthographic":false}