{"cameraMode":{"drawMode":0,"name":"Shaded","section":"Shading Mode"},"sceneLighting":false,"audioPlay":false,"sceneViewState":{"showFog":true,"showMaterialUpdate":false,"showSkybox":false,"showFlares":true,"showImageEffects":true,"showParticleSystems":true},"in2DMode":false,"pivot":{"x":-9.211708068847657,"y":11.208160400390625,"z":52.44377136230469},"rotation":{"x":0.037243567407131198,"y":0.9359887838363648,"z":-0.10432356595993042,"w":0.33414894342422488},"size":154.28517150878907,"orthographic":false}