{"cameraMode":{"drawMode":0,"name":"Shaded","section":"Shading Mode"},"sceneLighting":false,"audioPlay":false,"sceneViewState":{"showFog":true,"showMaterialUpdate":false,"showSkybox":false,"showFlares":true,"showImageEffects":true,"showParticleSystems":true},"in2DMode":false,"pivot":{"x":-0.03914082050323486,"y":0.6353024840354919,"z":0.1434498429298401},"rotation":{"x":0.2679827809333801,"y":0.03698353469371796,"z":-0.010295188054442406,"w":0.9626725912094116},"size":5.05397891998291,"orthographic":false}