{"cameraMode":{"drawMode":0,"name":"Shaded","section":"Shading Mode"},"sceneLighting":false,"audioPlay":false,"sceneViewState":{"showFog":true,"showMaterialUpdate":false,"showSkybox":false,"showFlares":true,"showImageEffects":true,"showParticleSystems":true},"in2DMode":false,"pivot":{"x":0.9726037979125977,"y":0.38382649421691897,"z":0.10639438033103943},"rotation":{"x":-0.2022913098335266,"y":-0.6910020112991333,"z":0.21147970855236054,"w":-0.6609698534011841},"size":7.064342498779297,"orthographic":false}