{"cameraMode":{"drawMode":0,"name":"Shaded","section":"Shading Mode"},"sceneLighting":false,"audioPlay":false,"sceneViewState":{"showFog":true,"showMaterialUpdate":false,"showSkybox":false,"showFlares":true,"showImageEffects":true,"showParticleSystems":true},"in2DMode":false,"pivot":{"x":-0.16381263732910157,"y":4.804253578186035,"z":-0.317374587059021},"rotation":{"x":0.08050572127103806,"y":-0.9185137748718262,"z":0.2506500482559204,"w":0.29503241181373598},"size":0.7444359660148621,"orthographic":false}