{"cameraMode":{"drawMode":0,"name":"Shaded","section":"Shading Mode"},"sceneLighting":false,"audioPlay":false,"sceneViewState":{"showFog":true,"showMaterialUpdate":false,"showSkybox":false,"showFlares":true,"showImageEffects":true,"showParticleSystems":true},"in2DMode":false,"pivot":{"x":-0.039127349853515628,"y":1.5756785869598389,"z":-0.024214982986450197},"rotation":{"x":-0.0002467563026584685,"y":0.9978265762329102,"z":-0.0659516379237175,"w":-0.0035933791659772398},"size":8.201173782348633,"orthographic":false}