{"cameraMode":{"drawMode":0,"name":"Shaded","section":"Shading Mode"},"sceneLighting":false,"audioPlay":false,"sceneViewState":{"showFog":true,"showMaterialUpdate":false,"showSkybox":false,"showFlares":true,"showImageEffects":true,"showParticleSystems":true},"in2DMode":false,"pivot":{"x":-0.05000019073486328,"y":6.874989032745361,"z":0.09227514266967774},"rotation":{"x":0.17168299853801728,"y":0.2681361734867096,"z":-0.048636630177497867,"w":0.9467232823371887},"size":39.575687408447269,"orthographic":false}