{"cameraMode":{"drawMode":0,"name":"Shaded","section":"Shading Mode"},"sceneLighting":true,"audioPlay":false,"sceneViewState":{"showFog":true,"showMaterialUpdate":false,"showSkybox":false,"showFlares":true,"showImageEffects":true,"showParticleSystems":true},"in2DMode":false,"pivot":{"x":-5.587396621704102,"y":0.12443161010742188,"z":-4.887825012207031},"rotation":{"x":0.05801493674516678,"y":0.934685468673706,"z":-0.18024323880672456,"w":0.30084651708602908},"size":31.78951644897461,"orthographic":false}