{"cameraMode":{"drawMode":0,"name":"Shaded","section":"Shading Mode"},"sceneLighting":true,"audioPlay":false,"sceneViewState":{"showFog":true,"showMaterialUpdate":false,"showSkybox":true,"showFlares":true,"showImageEffects":true,"showParticleSystems":true},"in2DMode":false,"pivot":{"x":458.4547424316406,"y":363.0931396484375,"z":-201.12823486328126},"rotation":{"x":0.14826224744319917,"y":0.0032731257379055025,"z":-0.00048636150313541293,"w":0.988959014415741},"size":345.60845947265627,"orthographic":false}