{"cameraMode":{"drawMode":0,"name":"Shaded","section":"Shading Mode"},"sceneLighting":true,"audioPlay":false,"sceneViewState":{"showFog":true,"showMaterialUpdate":false,"showSkybox":true,"showFlares":true,"showImageEffects":true,"showParticleSystems":true},"in2DMode":false,"pivot":{"x":505.3292236328125,"y":264.1185302734375,"z":80.16998291015625},"rotation":{"x":0.017998740077018739,"y":-0.004497632849961519,"z":0.0000848449271870777,"w":0.9998390674591065},"size":656.7667236328125,"orthographic":false}