{"cameraMode":{"drawMode":0,"name":"Shaded","section":"Shading Mode"},"sceneLighting":true,"audioPlay":false,"sceneViewState":{"showFog":true,"showMaterialUpdate":false,"showSkybox":true,"showFlares":true,"showImageEffects":true,"showParticleSystems":true},"in2DMode":false,"pivot":{"x":286.7798156738281,"y":325.311279296875,"z":-205.32559204101563},"rotation":{"x":0.039599593728780749,"y":-0.207124724984169,"z":0.008438224904239178,"w":0.977527379989624},"size":204.7963409423828,"orthographic":false}