{"cameraMode":{"drawMode":0,"name":"Shaded","section":"Shading Mode"},"sceneLighting":true,"audioPlay":false,"sceneViewState":{"showFog":true,"showMaterialUpdate":false,"showSkybox":true,"showFlares":true,"showImageEffects":true,"showParticleSystems":true},"in2DMode":false,"pivot":{"x":17.203094482421876,"y":-31.54144287109375,"z":25.914077758789064},"rotation":{"x":-0.2015903890132904,"y":0.7836733460426331,"z":-0.3210427761077881,"w":-0.4920869469642639},"size":795.7174072265625,"orthographic":false}