{"cameraMode":{"drawMode":0,"name":"Shaded","section":"Shading Mode"},"sceneLighting":false,"audioPlay":false,"sceneViewState":{"showFog":true,"showMaterialUpdate":false,"showSkybox":false,"showFlares":true,"showImageEffects":true,"showParticleSystems":true},"in2DMode":false,"pivot":{"x":-0.06665579974651337,"y":18.778274536132814,"z":-5.603675842285156},"rotation":{"x":0.20992784202098847,"y":0.0014665229246020318,"z":-0.00031377439154312015,"w":0.9777206778526306},"size":31.632783889770509,"orthographic":false}