{"cameraMode":{"drawMode":0,"name":"Shaded","section":"Shading Mode"},"sceneLighting":false,"audioPlay":false,"sceneViewState":{"showFog":true,"showMaterialUpdate":false,"showSkybox":false,"showFlares":true,"showImageEffects":true,"showParticleSystems":true},"in2DMode":false,"pivot":{"x":1.4269297122955323,"y":20.837352752685548,"z":22.388208389282228},"rotation":{"x":-0.3648819327354431,"y":0.0008589278440922499,"z":-0.00029832543805241585,"w":-0.9310716986656189},"size":27.139659881591798,"orthographic":false}