{"cameraMode":{"drawMode":0,"name":"Shaded","section":"Shading Mode"},"sceneLighting":true,"audioPlay":false,"sceneViewState":{"showFog":true,"showMaterialUpdate":false,"showSkybox":true,"showFlares":true,"showImageEffects":true,"showParticleSystems":true},"in2DMode":false,"pivot":{"x":1.8273327350616456,"y":-57.91107177734375,"z":23.57439422607422},"rotation":{"x":0.5161272883415222,"y":0.014124498702585698,"z":-0.008523124270141125,"w":0.8563669919967651},"size":401.4726867675781,"orthographic":false}