{"cameraMode":{"drawMode":0,"name":"Shaded","section":"Shading Mode"},"sceneLighting":false,"audioPlay":false,"sceneViewState":{"showFog":true,"showMaterialUpdate":false,"showSkybox":false,"showFlares":true,"showImageEffects":true,"showParticleSystems":true},"in2DMode":false,"pivot":{"x":1.8709650039672852,"y":0.11755180358886719,"z":0.6845874786376953},"rotation":{"x":0.04658574238419533,"y":-0.9465239644050598,"z":0.2766891121864319,"w":0.15935547649860383},"size":63.10801315307617,"orthographic":false}