{"cameraMode":{"drawMode":0,"name":"Shaded","section":"Shading Mode"},"sceneLighting":false,"audioPlay":false,"sceneViewState":{"showFog":true,"showMaterialUpdate":false,"showSkybox":false,"showFlares":true,"showImageEffects":true,"showParticleSystems":true},"in2DMode":false,"pivot":{"x":-0.039127349853515628,"y":1.5756785869598389,"z":-0.024214982986450197},"rotation":{"x":0.17168299853801728,"y":0.2681361734867096,"z":-0.048636630177497867,"w":0.9467232823371887},"size":10.578848838806153,"orthographic":false}