{"cameraMode":{"drawMode":0,"name":"Shaded","section":"Shading Mode"},"sceneLighting":false,"audioPlay":false,"sceneViewState":{"showFog":true,"showMaterialUpdate":false,"showSkybox":false,"showFlares":true,"showImageEffects":true,"showParticleSystems":true},"in2DMode":false,"pivot":{"x":204.99658203125,"y":288.7698974609375,"z":121.37278747558594},"rotation":{"x":0.13330066204071046,"y":-0.8098878860473633,"z":-0.2020670473575592,"w":-0.5343140363693237},"size":22.332834243774415,"orthographic":false}