{"cameraMode":{"drawMode":0,"name":"Shaded","section":"Shading Mode"},"sceneLighting":false,"audioPlay":false,"sceneViewState":{"showFog":true,"showMaterialUpdate":false,"showSkybox":false,"showFlares":true,"showImageEffects":true,"showParticleSystems":true},"in2DMode":false,"pivot":{"x":135.7415771484375,"y":4.275187015533447,"z":149.5938720703125},"rotation":{"x":0.423820823431015,"y":0.33035552501678469,"z":-0.16947537660598756,"w":0.826148271560669},"size":12.953474998474121,"orthographic":false}