{"cameraMode":{"drawMode":0,"name":"Shaded","section":"Shading Mode"},"sceneLighting":true,"audioPlay":false,"sceneViewState":{"showFog":true,"showMaterialUpdate":false,"showSkybox":true,"showFlares":true,"showImageEffects":true,"showParticleSystems":true},"in2DMode":false,"pivot":{"x":362.1859130859375,"y":257.5897216796875,"z":-116.51370239257813},"rotation":{"x":0.04198571667075157,"y":0.009889253415167332,"z":-0.0004157657385803759,"w":0.9990699291229248},"size":613.7686157226563,"orthographic":false}