{"cameraMode":{"drawMode":0,"name":"Shaded","section":"Shading Mode"},"sceneLighting":true,"audioPlay":false,"sceneViewState":{"showFog":true,"showMaterialUpdate":false,"showSkybox":true,"showFlares":true,"showImageEffects":true,"showParticleSystems":true},"in2DMode":false,"pivot":{"x":6.068406581878662,"y":2.2300000190734865,"z":-121.35098266601563},"rotation":{"x":0.12191580981016159,"y":0.8033372163772583,"z":-0.17626897990703584,"w":0.5556237101554871},"size":138.04632568359376,"orthographic":true}