{"cameraMode":{"drawMode":0,"name":"Shaded","section":"Shading Mode"},"sceneLighting":false,"audioPlay":false,"sceneViewState":{"showFog":true,"showMaterialUpdate":false,"showSkybox":false,"showFlares":true,"showImageEffects":true,"showParticleSystems":true},"in2DMode":false,"pivot":{"x":1.114434003829956,"y":11.243255615234375,"z":11.253328323364258},"rotation":{"x":-0.46709370613098147,"y":0.004799008835107088,"z":-0.0024947759229689838,"w":-0.884211003780365},"size":132.1249542236328,"orthographic":false}