{"cameraMode":{"drawMode":0,"name":"Shaded","section":"Shading Mode"},"sceneLighting":false,"audioPlay":false,"sceneViewState":{"showFog":true,"showMaterialUpdate":false,"showSkybox":false,"showFlares":true,"showImageEffects":true,"showParticleSystems":true},"in2DMode":false,"pivot":{"x":-10.302115440368653,"y":0.1337728500366211,"z":32.558860778808597},"rotation":{"x":0.12191580981016159,"y":0.8033372163772583,"z":-0.17626897990703584,"w":0.5556237101554871},"size":114.36099243164063,"orthographic":true}