{"cameraMode":{"drawMode":0,"name":"Shaded","section":"Shading Mode"},"sceneLighting":false,"audioPlay":false,"sceneViewState":{"showFog":true,"showMaterialUpdate":false,"showSkybox":false,"showFlares":true,"showImageEffects":true,"showParticleSystems":true},"in2DMode":false,"pivot":{"x":-3.541810989379883,"y":3.7903976440429689,"z":0.94189453125},"rotation":{"x":-0.10299839079380036,"y":0.6735777258872986,"z":-0.09561116993427277,"w":-0.7256632447242737},"size":98.38971710205078,"orthographic":true}