{"cameraMode":{"drawMode":0,"name":"Shaded","section":"Shading Mode"},"sceneLighting":false,"audioPlay":false,"sceneViewState":{"showFog":true,"showMaterialUpdate":false,"showSkybox":false,"showFlares":true,"showImageEffects":true,"showParticleSystems":true},"in2DMode":false,"pivot":{"x":138.39999389648438,"y":5.663366317749023,"z":150.12277221679688},"rotation":{"x":-0.12386477738618851,"y":0.01728019118309021,"z":-0.0022308097686618568,"w":-0.9922029972076416},"size":40.75543212890625,"orthographic":false}