{"cameraMode":{"drawMode":0,"name":"Shaded","section":"Shading Mode"},"sceneLighting":false,"audioPlay":false,"sceneViewState":{"showFog":true,"showMaterialUpdate":false,"showSkybox":false,"showFlares":true,"showImageEffects":true,"showParticleSystems":true},"in2DMode":false,"pivot":{"x":445.75,"y":250.99998474121095,"z":0.00000286102294921875},"rotation":{"x":-0.3067699074745178,"y":0.03367692977190018,"z":-0.010862108319997788,"w":-0.951129674911499},"size":1692.0194091796875,"orthographic":false}