{"cameraMode":{"drawMode":0,"name":"Shaded","section":"Shading Mode"},"sceneLighting":false,"audioPlay":false,"sceneViewState":{"showFog":true,"showMaterialUpdate":false,"showSkybox":false,"showFlares":true,"showImageEffects":true,"showParticleSystems":true},"in2DMode":false,"pivot":{"x":0.03797316551208496,"y":1.0073949098587037,"z":2.4707980155944826},"rotation":{"x":-0.2022913098335266,"y":-0.6910020112991333,"z":0.21147970855236054,"w":-0.6609698534011841},"size":7.146855354309082,"orthographic":false}