{"cameraMode":{"drawMode":0,"name":"Shaded","section":"Shading Mode"},"sceneLighting":false,"audioPlay":false,"sceneViewState":{"showFog":true,"showMaterialUpdate":false,"showSkybox":false,"showFlares":true,"showImageEffects":true,"showParticleSystems":true},"in2DMode":false,"pivot":{"x":0.0,"y":5.663366317749023,"z":0.23306536674499513},"rotation":{"x":0.26108402013778689,"y":0.6504085659980774,"z":-0.25489214062690737,"w":0.6662089228630066},"size":30.186935424804689,"orthographic":false}