{"cameraMode":{"drawMode":0,"name":"Shaded","section":"Shading Mode"},"sceneLighting":false,"audioPlay":false,"sceneViewState":{"showFog":true,"showMaterialUpdate":false,"showSkybox":false,"showFlares":true,"showImageEffects":true,"showParticleSystems":true},"in2DMode":false,"pivot":{"x":4.0645751953125,"y":14.562826156616211,"z":-11.042404174804688},"rotation":{"x":0.05118385702371597,"y":0.9268535375595093,"z":-0.13723787665367127,"w":0.3456995487213135},"size":4.041658401489258,"orthographic":false}